#,Nome do negócio,Categoria,Telefone,WhatsApp?,WhatsApp (nº),E-mail,Instagram,Site,Cidade,Bairro,UF,Nota,Avaliações,Tempo ativ. (est.),Observação (argumento),Google Maps
1,Emporio Estofados - sofás direto da fábrica,Tapeçaria,(44) 99774-0526,Sim,(44) 99774-0526,,,,Maringá,Jardim Copacabana,Paraná,4.8,122,3+ anos (est.),SEM SITE • sem Instagram • sem e-mail público • estabelecida (122 aval.),https://www.google.com/maps/search/?api=1&query=Emporio%20Estofados%20-%20sof%C3%A1s%20direto%20da%20f%C3%A1brica&query_place_id=ChIJK6q0-__T7JQRGgSO13wh2mo
2,Ingá Estofados,Loja de sofás,(44) 99950-7529,Sim,(44) 99950-7529,,,,Maringá,Jardim Santa Alice,Paraná,5,103,3+ anos (est.),SEM SITE • sem Instagram • sem e-mail público • estabelecida (103 aval.),https://www.google.com/maps/search/?api=1&query=Ing%C3%A1%20Estofados&query_place_id=ChIJf_nrgbvR7JQR2DKAshATJSg
3,Classe A Estofados,Loja de móveis,(44) 99845-9323,Sim,(44) 99845-9323,,,,Maringá,Conjunto Habitacional Requiao,Paraná,4.9,81,3+ anos (est.),SEM SITE • sem Instagram • sem e-mail público • estabelecida (81 aval.),https://www.google.com/maps/search/?api=1&query=Classe%20A%20Estofados&query_place_id=ChIJ2XPpnKrR7JQRygAVSnCbwyw
4,AWR Estofados (Ismael Ruiz),Loja de móveis,(43) 98401-4558,Sim,(43) 98401-4558,,,,Cambé,Jardim Santa Izabel,Paraná,5,41,1-3 anos (est.),SEM SITE • sem Instagram • sem e-mail público • estabelecida (41 aval.),https://www.google.com/maps/search/?api=1&query=AWR%20Estofados%20(Ismael%20Ruiz)&query_place_id=ChIJu9wAHR5a65QRPO0GKgS2IC4
5,Tapeçaria Vitória,Estofamento automotivo,(44) 99762-4344,Sim,(44) 99762-4344,,,,Maringá,Jardim Santa Helena,Paraná,4.8,28,1-3 anos (est.),SEM SITE • sem Instagram • sem e-mail público,https://www.google.com/maps/search/?api=1&query=Tape%C3%A7aria%20Vit%C3%B3ria&query_place_id=ChIJuxQRVW3X7JQR4lNALPC-CD0
6,Tapeçaria Primo,Tapeçaria,(44) 99856-0949,Sim,(44) 99856-0949,,,,Sarandi,Novo Panorama,Paraná,4.9,27,1-3 anos (est.),SEM SITE • sem Instagram • sem e-mail público,https://www.google.com/maps/search/?api=1&query=Tape%C3%A7aria%20Primo&query_place_id=ChIJ2Y2segzQ7JQRwTKR00W-W5Y
7,Tapeçaria Samurai,Tapeçaria,(44) 99920-5716,Sim,(44) 99920-5716,,,,Maringá,conjunto hermans morais barros,Paraná,4.9,25,1-3 anos (est.),SEM SITE • sem Instagram • sem e-mail público,https://www.google.com/maps/search/?api=1&query=Tape%C3%A7aria%20Samurai&query_place_id=ChIJnetwvC3X7JQRc98F2FYdv-g
8,Helena Estofados,Loja de móveis,(43) 99604-6506,Sim,(43) 99604-6506,,,,Apucarana,Pirapó,Paraná,4.3,24,1-3 anos (est.),SEM SITE • sem Instagram • sem e-mail público,https://www.google.com/maps/search/?api=1&query=Helena%20Estofados&query_place_id=ChIJsRjavc297JQR3S5VV1-v1Ug
9,Tapecaria santa rita,Tapeçaria,(43) 99649-0001,Sim,(43) 99649-0001,,,,Apucarana,Vila Sao Jose,Paraná,4,22,1-3 anos (est.),SEM SITE • sem Instagram • sem e-mail público,https://www.google.com/maps/search/?api=1&query=Tapecaria%20santa%20rita&query_place_id=ChIJx3igGF-Z7JQRBIQgXPBD4F0
10,Tapeçaria Modelo,Estofamento automotivo,(43) 98436-4874,Sim,(43) 98436-4874,,,,Ibiporã,Pérola,Paraná,4.2,22,1-3 anos (est.),SEM SITE • sem Instagram • sem e-mail público,https://www.google.com/maps/search/?api=1&query=Tape%C3%A7aria%20Modelo&query_place_id=ChIJ1fJlGNZH65QRKb4M4rRlCLA
11,BR - Tapeçaria Automotiva,Estofamento automotivo,(44) 99710-8617,Sim,(44) 99710-8617,,,,Maringá,Jardim Imperial II,Paraná,3.9,19,1-3 anos (est.),SEM SITE • sem Instagram • sem e-mail público,https://www.google.com/maps/search/?api=1&query=BR%20-%20Tape%C3%A7aria%20Automotiva&query_place_id=ChIJn3qmUNXR7JQR3k9TvnogJK0
12,Confiança Estofados,Loja de móveis,(44) 99949-4593,Sim,(44) 99949-4593,,,,Sarandi,Jardim Panorama,Paraná,3.9,19,1-3 anos (est.),SEM SITE • sem Instagram • sem e-mail público,https://www.google.com/maps/search/?api=1&query=Confian%C3%A7a%20Estofados&query_place_id=ChIJV8-7qATR7JQR9RBWQ62wrlA
13,BW Tapeçaria,Tapeçaria,(43) 99684-4302,Sim,(43) 99684-4302,,,,Arapongas,Conjunto Centauro,Paraná,5,17,1-3 anos (est.),SEM SITE • sem Instagram • sem e-mail público,https://www.google.com/maps/search/?api=1&query=BW%20Tape%C3%A7aria&query_place_id=ChIJEe0rzvCl7JQRyCCWsEJ3aTk
14,Tapeçaria Adriana Reformas em Geral,Tapeçaria,(44) 99957-6816,Sim,(44) 99957-6816,,,,Maringá,Conjunto Habitacional Lea Leal,Paraná,4.6,16,1-3 anos (est.),SEM SITE • sem Instagram • sem e-mail público,https://www.google.com/maps/search/?api=1&query=Tape%C3%A7aria%20Adriana%20Reformas%20em%20Geral&query_place_id=ChIJzfBUZPvQ7JQRjlPMz4NLZGg
15,Estofados | Sofás | HARMONY ESTOFADOS,Tapeçaria,(44) 99180-0577,Sim,(44) 99180-0577,,,,Marialva,Jardim Jaguaruna,Paraná,4.9,15,1-3 anos (est.),SEM SITE • sem Instagram • sem e-mail público,https://www.google.com/maps/search/?api=1&query=Estofados%20%7C%20Sof%C3%A1s%20%7C%20HARMONY%20ESTOFADOS&query_place_id=ChIJlyqORGXE7JQRrDZ6gEzwcUU
16,Saldão de Estofados Maringá,Loja de sofás,(44) 99701-0997,Sim,(44) 99701-0997,,,,Maringá,Parque Avenida,PR,5,15,1-3 anos (est.),SEM SITE • sem Instagram • sem e-mail público,https://www.google.com/maps/search/?api=1&query=Sald%C3%A3o%20de%20Estofados%20Maring%C3%A1&query_place_id=ChIJt58nFOTR7JQR-hk1WBR97OQ
17,Marcos Tapeçeiro,Tapeçaria,(43) 99667-3467,Sim,(43) 99667-3467,,,,Rolândia,Centro,Paraná,3.9,14,~1 ano (est.),SEM SITE • sem Instagram • sem e-mail público,https://www.google.com/maps/search/?api=1&query=Marcos%20Tape%C3%A7eiro&query_place_id=ChIJTURNfbin7JQROFrNxp6JRcI
18,Tapeçaria São José,Loja de tapetes,(43) 98826-5678,Sim,(43) 98826-5678,,,,Ibiporã,Zanoni,Paraná,4.3,13,~1 ano (est.),SEM SITE • sem Instagram • sem e-mail público,https://www.google.com/maps/search/?api=1&query=Tape%C3%A7aria%20S%C3%A3o%20Jos%C3%A9&query_place_id=ChIJ91F3rDBH65QR2AlgfD5_XvQ
19,Confort Estofados - Sofás sob medida e reformas,Moveleiro,(44) 99998-3009,Sim,(44) 99998-3009,,,,Maringá,Zona 6,Paraná,4.5,13,~1 ano (est.),SEM SITE • sem Instagram • sem e-mail público,https://www.google.com/maps/search/?api=1&query=Confort%20Estofados%20-%20Sof%C3%A1s%20sob%20medida%20e%20reformas&query_place_id=ChIJo6dtqB_X7JQRXFu8HDYjXmw
20,Tapeçaria Alvorada,Tapeçaria,(44) 99877-3743,Sim,(44) 99877-3743,,,,Maringá,Jardim Alvorada,Paraná,4.4,12,~1 ano (est.),SEM SITE • sem Instagram • sem e-mail público,https://www.google.com/maps/search/?api=1&query=Tape%C3%A7aria%20Alvorada&query_place_id=ChIJB3-SmXrR7JQRue8p2jbgfiI
21,Estofaria cardoso,Tapeçaria,(44) 99860-3458,Sim,(44) 99860-3458,,,,Marialva,Jardim Santa Rita,Paraná,4.3,11,~1 ano (est.),SEM SITE • sem Instagram • sem e-mail público,https://www.google.com/maps/search/?api=1&query=Estofaria%20cardoso&query_place_id=ChIJFVemjkLb7JQRYiKjM9y3w9k
22,Tapeçaria Creatore Car automotiva e Bancos em Couro,Tapeçaria,(43) 99933-1512,Sim,(43) 99933-1512,,,,Apucarana,Vila Nova,Paraná,4.7,10,~1 ano (est.),SEM SITE • sem Instagram • sem e-mail público,https://www.google.com/maps/search/?api=1&query=Tape%C3%A7aria%20Creatore%20Car%20automotiva%20e%20Bancos%20em%20Couro&query_place_id=ChIJCXTDB-mZ7JQRz7jDb3JbDAw
23,Arapongas estofados sob medida,Loja de sofás,(43) 99634-2984,Sim,(43) 99634-2984,,,,Arapongas,Jardim Baroneza,PR,5,10,~1 ano (est.),SEM SITE • sem Instagram • sem e-mail público,https://www.google.com/maps/search/?api=1&query=Arapongas%20estofados%20sob%20medida&query_place_id=ChIJk3Iiccaj7JQRVXhH6LX58Xk
24,Tapeçaria Auto Capas,Estofamento automotivo,(43) 99933-6113,Sim,(43) 99933-6113,,,,Apucarana,Jardim Santos Dumont,Paraná,4.3,8,~1 ano (est.),SEM SITE • sem Instagram • sem e-mail público,https://www.google.com/maps/search/?api=1&query=Tape%C3%A7aria%20Auto%20Capas&query_place_id=ChIJUSp2jXmZ7JQR-11Q2PAzS6Q
25,Tapeçaria Shopping Serviços,Loja,(43) 99695-8348,Sim,(43) 99695-8348,,,,Rolândia,Centro,Paraná,4.6,8,~1 ano (est.),SEM SITE • sem Instagram • sem e-mail público,https://www.google.com/maps/search/?api=1&query=Tape%C3%A7aria%20Shopping%20Servi%C3%A7os&query_place_id=ChIJy-AMDOun7JQRXSWX5EluvJA
26,ADBS TAPEÇARIA AUTOMOTIVA E ACESSORIOS,Tapeçaria,(43) 99635-6429,Sim,(43) 99635-6429,,,,Arapongas,Jardim Bandeirantes,Paraná,4.5,8,~1 ano (est.),SEM SITE • sem Instagram • sem e-mail público,https://www.google.com/maps/search/?api=1&query=ADBS%20TAPE%C3%87ARIA%20AUTOMOTIVA%20E%20ACESSORIOS&query_place_id=ChIJp-V7-1ih7JQReP7rODTfG4c
27,Estofados Maringá,Reformas,(44) 99994-5260,Sim,(44) 99994-5260,,,,Maringá,Zona 03,Paraná,5,8,~1 ano (est.),SEM SITE • sem Instagram • sem e-mail público,https://www.google.com/maps/search/?api=1&query=Estofados%20Maring%C3%A1&query_place_id=ChIJFY66LyzR7JQRR5mjwwCMCNQ
28,Tapeçaria FC Rolândia,Tapeçaria,(43) 99145-0304,Sim,(43) 99145-0304,,,,Rolândia,Vila Oliveira,Paraná,5,7,~1 ano (est.),SEM SITE • sem Instagram • sem e-mail público,https://www.google.com/maps/search/?api=1&query=Tape%C3%A7aria%20FC%20Rol%C3%A2ndia&query_place_id=ChIJGysNtxin7JQRf8mZ-KUxCNI
29,Estofados Espaço Arte,Tapeçaria,(44) 99983-3650,Sim,(44) 99983-3650,,,,Sarandi,Jardim Ouro Verde II,Paraná,4.3,6,~1 ano (est.),SEM SITE • sem Instagram • sem e-mail público,https://www.google.com/maps/search/?api=1&query=Estofados%20Espa%C3%A7o%20Arte&query_place_id=ChIJ9eF6QwbF7JQRLM2_QO5HJwY
30,Lumière estofados,Moveleiro,(44) 99908-1096,Sim,(44) 99908-1096,,,,Sarandi,Jardim Cruzeiro,Paraná,5,6,~1 ano (est.),SEM SITE • sem Instagram • sem e-mail público,https://www.google.com/maps/search/?api=1&query=Lumi%C3%A8re%20estofados&query_place_id=ChIJwf59WCXb7JQRDHkJOCAmWw4
31,Tapeçaria Iris,Tapeçaria,(43) 99987-7676,Sim,(43) 99987-7676,,,,Apucarana,Jardim Apucarana,Paraná,5,5,~1 ano (est.),SEM SITE • sem Instagram • sem e-mail público,https://www.google.com/maps/search/?api=1&query=Tape%C3%A7aria%20Iris&query_place_id=ChIJ7ZZCJ3aZ7JQRtChMCfZF6Pc
32,Estofados Fama,Tapeçaria,(43) 99931-6247,Sim,(43) 99931-6247,,,,Cambé,Jardim Tupi,Paraná,4.8,5,~1 ano (est.),SEM SITE • sem Instagram • sem e-mail público,https://www.google.com/maps/search/?api=1&query=Estofados%20Fama&query_place_id=ChIJp5sJwh1a65QRBM7E8dODPZg
33,Arte'manha estofados,Loja de sofás,(43) 99636-1359,Sim,(43) 99636-1359,,,,Cambé,Jardim Silvino,Paraná,5,4,~1 ano (est.),SEM SITE • sem Instagram • sem e-mail público • poucas avaliações (4),https://www.google.com/maps/search/?api=1&query=Arte'manha%20estofados&query_place_id=ChIJX7fniWZb65QRRwVHSmPsPWo
34,JE Tapeçaria - Reforma de Estofados em Geral,Tapeçaria,(43) 99928-2312,Sim,(43) 99928-2312,,,,Apucarana,Centro,Paraná,5,3,~1 ano (est.),SEM SITE • sem Instagram • sem e-mail público • poucas avaliações (3),https://www.google.com/maps/search/?api=1&query=JE%20Tape%C3%A7aria%20-%20Reforma%20de%20Estofados%20em%20Geral&query_place_id=ChIJVxGWOSuZ7JQRDthff0xAhJ8
35,Sr. Zambianco Tapeçaria,Estofamento automotivo,(43) 99927-0732,Sim,(43) 99927-0732,,,,Cambé,Jardim do Cafe,Paraná,3.7,3,~1 ano (est.),SEM SITE • sem Instagram • sem e-mail público • poucas avaliações (3),https://www.google.com/maps/search/?api=1&query=Sr.%20Zambianco%20Tape%C3%A7aria&query_place_id=ChIJp6v-tilb65QR3Yug2OmKpKU
36,Tapeçaria São pedro,Tapeçaria,(44) 99883-5060,Sim,(44) 99883-5060,,,,Marialva,Centro,Paraná,4.7,3,~1 ano (est.),SEM SITE • sem Instagram • sem e-mail público • poucas avaliações (3),https://www.google.com/maps/search/?api=1&query=Tape%C3%A7aria%20S%C3%A3o%20pedro&query_place_id=ChIJhUjFlcPF7JQRHyRPvDHOijU
37,Tapeçaria Garotinho,Tapeçaria,(43) 99667-3569,Sim,(43) 99667-3569,,,,Bela Vista do Paraíso,Jardim Bela Vista,Paraná,5,3,~1 ano (est.),SEM SITE • sem Instagram • sem e-mail público • poucas avaliações (3),https://www.google.com/maps/search/?api=1&query=Tape%C3%A7aria%20Garotinho&query_place_id=ChIJB8mhkz-ulJQRKg0gGE6e4xM
38,Zana’s Tapeçaria e Acessórios,Tapeçaria,(43) 99855-0550,Sim,(43) 99855-0550,,,,Arapongas,Vila Industrial,Paraná,5,3,~1 ano (est.),SEM SITE • sem Instagram • sem e-mail público • poucas avaliações (3),https://www.google.com/maps/search/?api=1&query=Zana%E2%80%99s%20Tape%C3%A7aria%20e%20Acess%C3%B3rios&query_place_id=ChIJU0CkC-mh7JQRQ86s5lwWP0U
39,Acessórios e Tapeçaria Bi Trem,,(43) 99866-6633,Sim,(43) 99866-6633,,,,Cambé,Jardim Jose Favaro,Paraná,5,2,indefinido,SEM SITE • sem Instagram • sem e-mail público • poucas avaliações (2),https://www.google.com/maps/search/?api=1&query=Acess%C3%B3rios%20e%20Tape%C3%A7aria%20Bi%20Trem&query_place_id=ChIJf8quCBFa65QRSJgBYf00T74
40,Irmãos tapeçaria,Tapeçaria,(44) 99882-9816,Sim,(44) 99882-9816,,,,Sarandi,Jardim Escala,Paraná,5,2,indefinido,SEM SITE • sem Instagram • sem e-mail público • poucas avaliações (2),https://www.google.com/maps/search/?api=1&query=Irm%C3%A3os%20tape%C3%A7aria&query_place_id=ChIJkyJAW5Pb7JQRJJ3y1Yt6HzM
41,CASAL DECOR ESTOFADOS,Fabricante de móveis,(43) 99100-2431,Sim,(43) 99100-2431,,,,Arapongas,Jd Alto da Boa Vista,Paraná,3,2,indefinido,SEM SITE • sem Instagram • sem e-mail público • poucas avaliações (2),https://www.google.com/maps/search/?api=1&query=CASAL%20DECOR%20ESTOFADOS&query_place_id=ChIJXfmIcoyh7JQRCGoQ3kbVnco
42,Estofados Presença Ibiporã,Tapeçaria,(43) 99601-0677,Sim,(43) 99601-0677,,,,Ibiporã,Centro,Paraná,5,1,indefinido,SEM SITE • sem Instagram • sem e-mail público • poucas avaliações (1),https://www.google.com/maps/search/?api=1&query=Estofados%20Presen%C3%A7a%20Ibipor%C3%A3&query_place_id=ChIJV-9MW8dH65QR0JMrFGxxj5c
43,Tapeçaria Leal Rolândia,Tapeçaria,(43) 98811-7852,Sim,(43) 98811-7852,,,,Rolândia,Jardim Novo Horizonte,Paraná,5,1,indefinido,SEM SITE • sem Instagram • sem e-mail público • poucas avaliações (1),https://www.google.com/maps/search/?api=1&query=Tape%C3%A7aria%20Leal%20Rol%C3%A2ndia&query_place_id=ChIJNV_E0ASn7JQROwXER5q-kwE
44,Estofaria Sarandi,Estofamento automotivo,(54) 99630-3895,Sim,(54) 99630-3895,,,,Sarandi,Centro,Rio Grande do Sul,5,1,indefinido,SEM SITE • sem Instagram • sem e-mail público • poucas avaliações (1),https://www.google.com/maps/search/?api=1&query=Estofaria%20Sarandi&query_place_id=ChIJVTe3upzF_JQR2IbLukGzQg0
45,Tapeçaria Itália,Estofamento automotivo,(44) 98832-1695,Sim,(44) 98832-1695,,,,Sarandi,Centro,Paraná,5,1,indefinido,SEM SITE • sem Instagram • sem e-mail público • poucas avaliações (1),https://www.google.com/maps/search/?api=1&query=Tape%C3%A7aria%20It%C3%A1lia&query_place_id=ChIJ57-wI2Xb7JQRxDm_6myhV7o
46,Tapeçaria Automotiva,Tapeçaria,(44) 99977-3317,Sim,(44) 99977-3317,,,,Marialva,Vila Antonio,Paraná,5,1,indefinido,SEM SITE • sem Instagram • sem e-mail público • poucas avaliações (1),https://www.google.com/maps/search/?api=1&query=Tape%C3%A7aria%20Automotiva&query_place_id=ChIJF-ym2bTF7JQR_TxcdSJZ6vI
47,Capas car tapecaria,Tapeçaria,(44) 99868-2530,Sim,(44) 99868-2530,,,,Astorga,Astorga,Paraná,1,1,indefinido,SEM SITE • sem Instagram • sem e-mail público • poucas avaliações (1),https://www.google.com/maps/search/?api=1&query=Capas%20car%20tapecaria&query_place_id=ChIJmwNSppu17JQR9yplDgq5Veo
48,Adriano Estofados,Loja de móveis,(43) 99921-7017,Sim,(43) 99921-7017,,,,Rolândia,Centro,Paraná,1,1,indefinido,SEM SITE • sem Instagram • sem e-mail público • poucas avaliações (1),https://www.google.com/maps/search/?api=1&query=Adriano%20Estofados&query_place_id=ChIJ-Yxkueun7JQRyWI2AU0reBY
49,Canaã Estofados,Loja de sofás,(43) 99951-2816,Sim,(43) 99951-2816,,,,Apucarana,Vila Nossa Senhora da Conceicao,Paraná,5,1,indefinido,SEM SITE • sem Instagram • sem e-mail público • poucas avaliações (1),https://www.google.com/maps/search/?api=1&query=Cana%C3%A3%20Estofados&query_place_id=ChIJm-ZezhSb7JQRxjs-rErcrWQ
50,Luan das reforma,Tapeçaria,(43) 99970-8572,Sim,(43) 99970-8572,,,,Arapongas,Conjunto Aguias,PR,5,1,indefinido,SEM SITE • sem Instagram • sem e-mail público • poucas avaliações (1),https://www.google.com/maps/search/?api=1&query=Luan%20das%20reforma&query_place_id=ChIJy06pnFWn7JQRPvfXOhPn2Gk
51,Silvano estofado,Tapeçaria,(43) 99909-4405,Sim,(43) 99909-4405,,,,Arapongas,Jardim do Sol,Paraná,5,1,indefinido,SEM SITE • sem Instagram • sem e-mail público • poucas avaliações (1),https://www.google.com/maps/search/?api=1&query=Silvano%20estofado&query_place_id=ChIJJ-6phdSh7JQR80f7W3f2O5s
52,Tapeçaria TAPAJO,Loja de móveis,(67) 99967-2737,Sim,(67) 99967-2737,,,,Rolândia,Vila Oliveira,Paraná,,0,indefinido,SEM SITE • sem Instagram • sem e-mail público • poucas avaliações (0),https://www.google.com/maps/search/?api=1&query=Tape%C3%A7aria%20TAPAJO&query_place_id=ChIJFz1qarSn7JQRCgZzVfA7qy8
53,Rainha do Estofado,Tapeçaria,(43) 99178-6883,Sim,(43) 99178-6883,,,,Rolândia,Centro,Paraná,,0,indefinido,SEM SITE • sem Instagram • sem e-mail público • poucas avaliações (0),https://www.google.com/maps/search/?api=1&query=Rainha%20do%20Estofado&query_place_id=ChIJI2KUAQCn7JQR8Qe4nRTGDkM
54,Altair Estofados,Loja de móveis,(44) 99743-3239,Sim,(44) 99743-3239,,,,Marialva,Jardim Macente,Paraná,,0,indefinido,SEM SITE • sem Instagram • sem e-mail público • poucas avaliações (0),https://www.google.com/maps/search/?api=1&query=Altair%20Estofados&query_place_id=ChIJqYTotnPE7JQRg9mCqEUd01g
55,Tapeçaria Procar,Loja de móveis,(44) 99703-3391,Sim,(44) 99703-3391,,,,Sarandi,Jardim Verao,Paraná,,0,indefinido,SEM SITE • sem Instagram • sem e-mail público • poucas avaliações (0),https://www.google.com/maps/search/?api=1&query=Tape%C3%A7aria%20Procar&query_place_id=ChIJmy6A3bja7JQRcZmHKE9KyRI
56,Mais Conforto Estofados e Colchões,Loja de colchões,(43) 99953-8255,Sim,(43) 99953-8255,,,,Cornélio Procópio,Cornélio Procópio,Paraná,,0,indefinido,SEM SITE • sem Instagram • sem e-mail público • poucas avaliações (0),https://www.google.com/maps/search/?api=1&query=Mais%20Conforto%20Estofados%20e%20Colch%C3%B5es&query_place_id=ChIJxSbTLQHf6pQRkcq-yGdwc_w
57,vetra car,Tapeçaria,(43) 99180-5611,Sim,(43) 99180-5611,,,,Jandaia do Sul,Jandaia do Sul,Paraná,,0,indefinido,SEM SITE • sem Instagram • sem e-mail público • poucas avaliações (0),https://www.google.com/maps/search/?api=1&query=vetra%20car&query_place_id=ChIJ_T_kS4qV7JQRFCRPp2GIrd4
58,Nilvex estofados,Tapeçaria,(43) 99699-5812,Sim,(43) 99699-5812,,,,Jandaia do Sul,Jandaia do Sul,Paraná,,0,indefinido,SEM SITE • sem Instagram • sem e-mail público • poucas avaliações (0),https://www.google.com/maps/search/?api=1&query=Nilvex%20estofados&query_place_id=ChIJFXHLjI2V7JQRSk6Ewmo2Jgo
59,Tapeçaria são Marcos,Reformas,(43) 99611-1176,Sim,(43) 99611-1176,,,,Cornélio Procópio,Vila sta Terezinha,Paraná,,0,indefinido,SEM SITE • sem Instagram • sem e-mail público • poucas avaliações (0),https://www.google.com/maps/search/?api=1&query=Tape%C3%A7aria%20s%C3%A3o%20Marcos&query_place_id=ChIJ669QKHXf6pQRoFdZtNluRNc
60,Gj Estofados,Tapeçaria,(43) 99179-7179,Sim,(43) 99179-7179,,,,Bela Vista do Paraíso,Jardim Bela Vista,Paraná,,0,indefinido,SEM SITE • sem Instagram • sem e-mail público • poucas avaliações (0),https://www.google.com/maps/search/?api=1&query=Gj%20Estofados&query_place_id=ChIJf3bQZXOvlJQRmR-UGaSO9tM
61,Casa Conforto Estofados Fabricação E Reformas,Loja de móveis,(43) 99667-1785,Sim,(43) 99667-1785,,,,Rolândia,Centro,Paraná,,0,indefinido,SEM SITE • sem Instagram • sem e-mail público • poucas avaliações (0),https://www.google.com/maps/search/?api=1&query=Casa%20Conforto%20Estofados%20Fabrica%C3%A7%C3%A3o%20E%20Reformas&query_place_id=ChIJS0dNYsCn7JQRN8oxxRdsAOE
62,elite estofados,Moveleiro,(43) 99921-2809,Sim,(43) 99921-2809,,,,Apucarana,Pirapó,Paraná,,0,indefinido,SEM SITE • sem Instagram • sem e-mail público • poucas avaliações (0),https://www.google.com/maps/search/?api=1&query=elite%20estofados&query_place_id=ChIJC-8r9eWX7JQR_YAsBXYV24c
63,maranatta estofados,Tapeçaria,(43) 99955-9747,Sim,(43) 99955-9747,,,,Arapongas,Vila Nova,Paraná,,0,indefinido,SEM SITE • sem Instagram • sem e-mail público • poucas avaliações (0),https://www.google.com/maps/search/?api=1&query=maranatta%20estofados&query_place_id=ChIJf0cydoej7JQRDBE4aV8ZKm4
64,Davila Decor| Tapeçaria em Arapongas,Moveleiro,(43) 99600-9763,Sim,(43) 99600-9763,,,,Arapongas,Jardim Sao Carlos,Paraná,,0,indefinido,SEM SITE • sem Instagram • sem e-mail público • poucas avaliações (0),https://www.google.com/maps/search/?api=1&query=Davila%20Decor%7C%20Tape%C3%A7aria%20em%20Arapongas&query_place_id=ChIJ0Ufwm3mj7JQR3uwu6iLbpYI
65,RecTap - Recanto do Tapeceiro,Tapeçaria,(44) 3031-4481,Sim,(44) 99765-1716,rectap@rectap.com.br,https://www.instagram.com/rectapmaringa,https://rectap.com.br/,Maringá,Jardim Alvorada,Paraná,4.6,380,3+ anos (est.),estabelecida (380 aval.),https://www.google.com/maps/search/?api=1&query=RecTap%20-%20Recanto%20do%20Tapeceiro&query_place_id=ChIJuc3lFf_P7JQRwpbdZPwObuY
66,Estofados Montreal,Loja de sofás,(44) 99178-6242,Sim,(44) 99178-6242,estofadosmontreal@hotmail.com,https://www.instagram.com/montrealestofadosoficial,http://www.estofadosmontreal.com.br/,Sarandi,Panorama,Paraná,4.7,265,3+ anos (est.),estabelecida (265 aval.),https://www.google.com/maps/search/?api=1&query=Estofados%20Montreal&query_place_id=ChIJkbQ5v2_Q7JQR-VzVhdyRVpE
67,Estofados Montreal,Loja de sofás,(44) 99858-2048,Sim,(44) 99858-2048,estofadosmontreal@hotmail.com,https://www.instagram.com/montrealestofadosoficial,http://www.estofadosmontreal.com.br/,Maringá,Conjunto Residencial Governador Parigot de Souza,Paraná,4.9,168,3+ anos (est.),estabelecida (168 aval.),https://www.google.com/maps/search/?api=1&query=Estofados%20Montreal&query_place_id=ChIJH1GnJ83R7JQRE0qPO98F_QM
68,ESTOFADOS MONTREAL,Loja de sofás,(44) 99725-6690,Sim,(44) 99725-6690,estofadosmontreal@hotmail.com,https://www.instagram.com/montrealestofadosoficial,http://www.estofadosmontreal.com.br/,Sarandi,Centro,Paraná,5,161,3+ anos (est.),estabelecida (161 aval.),https://www.google.com/maps/search/?api=1&query=ESTOFADOS%20MONTREAL&query_place_id=ChIJR2FY6iXb7JQRPa1hUpDy3OY
69,Design Estofados,Tapeçaria,(44) 99705-7481,Sim,(44) 99705-7481,,https://www.instagram.com/designestofados42,https://designestofadosmaringa.com.br/,Maringá,Jardim Dourados,Paraná,5,133,3+ anos (est.),sem e-mail público • estabelecida (133 aval.),https://www.google.com/maps/search/?api=1&query=Design%20Estofados&query_place_id=ChIJ07EdOB3R7JQRMWgPnaxSFco
70,Iviart Estofados,Loja de móveis,(44) 98824-2824,Sim,(44) 98824-2824,,https://www.instagram.com/iviartestofadosmaringa1,http://www.iviart.com.br/,Maringá,Zona 01,Paraná,4.8,109,3+ anos (est.),sem e-mail público • estabelecida (109 aval.),https://www.google.com/maps/search/?api=1&query=Iviart%20Estofados&query_place_id=ChIJNzRYDZLR7JQRgWozt8Fy3kQ
71,Maringa Colchões e Estofados,Loja de colchões,(44) 99712-4511,Sim,(44) 99712-4511,,https://www.instagram.com/maringa.estofados/,https://www.instagram.com/maringa.estofados/,Maringá,Zona 08,Paraná,4.9,71,3+ anos (est.),sem e-mail público • estabelecida (71 aval.),https://www.google.com/maps/search/?api=1&query=Maringa%20Colch%C3%B5es%20e%20Estofados&query_place_id=ChIJ9yd-9hTR7JQRnN8qj6lqneU
72,Euro Estofados,Tapeçaria,(44) 99830-7626,Sim,(44) 99830-7626,,https://www.instagram.com/daluzrosiane/,https://www.instagram.com/daluzrosiane/,Sarandi,Jardim Independencia,Paraná,4.9,54,3+ anos (est.),sem e-mail público • estabelecida (54 aval.),https://www.google.com/maps/search/?api=1&query=Euro%20Estofados&query_place_id=ChIJuU9hQFDR7JQRO02lkbOxf5M
73,AMR Estofados & Decorações,Loja de móveis,(44) 99715-1062,Sim,(44) 99715-1062,,https://www.instagram.com/amrestofados/,https://www.instagram.com/amrestofados/,Maringá,Jardim Liberdade,Paraná,4.7,51,3+ anos (est.),sem e-mail público • estabelecida (51 aval.),https://www.google.com/maps/search/?api=1&query=AMR%20Estofados%20%26%20Decora%C3%A7%C3%B5es&query_place_id=ChIJr9ZFLVTQ7JQR0k-C3vRcEOM
74,Império Estofados,Loja de sofás,(44) 99957-9285,Sim,(44) 99957-9285,,,https://www.instagram.com/imperio.estofados2024?igsh=MWpycGF2OXB0OHZzNA==,Sarandi,Jardim Panorama,Paraná,5,50,3+ anos (est.),sem Instagram • sem e-mail público • estabelecida (50 aval.),https://www.google.com/maps/search/?api=1&query=Imp%C3%A9rio%20Estofados&query_place_id=ChIJ_QtzOeHR7JQRHuHmTz6uuE8
75,Victorelli Estofados,Loja de sofás,(44) 99833-0018,Sim,(44) 99833-0018,,https://www.instagram.com/victorelli.estofados/,https://www.instagram.com/victorelli.estofados/,Marialva,Centro,Paraná,5,43,1-3 anos (est.),sem e-mail público • estabelecida (43 aval.),https://www.google.com/maps/search/?api=1&query=Victorelli%20Estofados&query_place_id=ChIJGZWzod_F7JQRLWk-2CFymGk
76,Mais Conforto Estofados,Loja de sofás,(43) 98479-7268,Sim,(43) 98479-7268,,,https://maisconfortoestofados.com.br/,Cambé,Centro,Paraná,5,39,1-3 anos (est.),sem Instagram • sem e-mail público • estabelecida (39 aval.),https://www.google.com/maps/search/?api=1&query=Mais%20Conforto%20Estofados&query_place_id=ChIJsQjMOxZZ65QRj8DasLgcI0Q
77,WCA Estofados,Loja de móveis,(41) 99224-6860,Sim,(41) 99224-6860,contato@wcastore.com.br,,https://wcastore.com.br/,Arapongas,Jardim Dona Pina,Paraná,5,39,1-3 anos (est.),sem Instagram • estabelecida (39 aval.),https://www.google.com/maps/search/?api=1&query=WCA%20Estofados&query_place_id=ChIJvcp3T22j7JQRcmTphNTZNok
78,TM Estofados,Loja de sofás,(44) 99889-0264,Sim,(44) 99889-0264,,https://www.instagram.com/tmestofados.maringa/,https://www.instagram.com/tmestofados.maringa/,Maringá,Parque Residencial Cidade Nova,Paraná,4.8,33,1-3 anos (est.),sem e-mail público • estabelecida (33 aval.),https://www.google.com/maps/search/?api=1&query=TM%20Estofados&query_place_id=ChIJ0yT_p9vX7JQR6FVml5Ll1J8
79,Montelino Estofados,Loja de sofás,(44) 99133-5444,Sim,(44) 99133-5444,,https://instagram.com/montelino_estofados,https://montelinoestofados.lojavirtualnuvem.com.br/,Sarandi,Jardim Independencia,Paraná,5,31,1-3 anos (est.),sem e-mail público • estabelecida (31 aval.),https://www.google.com/maps/search/?api=1&query=Montelino%20Estofados&query_place_id=ChIJPaQ7MkTb7JQRx6qVtLfPZrU
80,Apucarana Colchões e Estofados,Loja de sofás,(43) 99607-7106,Sim,(43) 99607-7106,,https://www.instagram.com/apucaranacolchoesesofas/,https://www.instagram.com/apucaranacolchoesesofas/,Apucarana,Centro,Paraná,4.9,29,1-3 anos (est.),sem e-mail público,https://www.google.com/maps/search/?api=1&query=Apucarana%20Colch%C3%B5es%20e%20Estofados&query_place_id=ChIJF6-MLJeZ7JQREeM5zpnlAyw
81,Phoenix Estofados,Loja,(43) 99106-6019,Sim,(43) 99106-6019,,,https://www.instagram.com/jessicaaline82?igsh=YmJpdnBlMm42ZXpj&utm_source=qr,Arapongas,,Paraná,5,28,1-3 anos (est.),sem Instagram • sem e-mail público,https://www.google.com/maps/search/?api=1&query=Phoenix%20Estofados&query_place_id=ChIJxUc6Gpej7JQR2bYeF5_yxeg
82,Beto Estofados Reformas em geral,Tapeçaria,(44) 99771-7255,Sim,(44) 99771-7255,,https://www.instagram.com/estofados.beto/,https://www.instagram.com/estofados.beto/,Sarandi,Centro,Paraná,5,23,1-3 anos (est.),sem e-mail público,https://www.google.com/maps/search/?api=1&query=Beto%20Estofados%20Reformas%20em%20geral&query_place_id=ChIJDUJdllLR7JQROASfhdoZO-E
83,Estofados Palmares,Loja de sofás,(44) 99800-5513,Sim,(44) 99800-5513,,,https://linktr.ee/estofadospalmares,Maringá,Jardim America,Paraná,4.5,23,1-3 anos (est.),sem Instagram • sem e-mail público,https://www.google.com/maps/search/?api=1&query=Estofados%20Palmares&query_place_id=ChIJl8Lbal7Q7JQRKsFhqTHejto
84,Kaisova Estofados,Loja de móveis,(43) 99848-8291,Sim,(43) 99848-8291,contato@kaisova.com.br,https://www.instagram.com/kaisovaestofados,https://www.kaisova.com.br/,Arapongas,Vila Araponguinha,Paraná,4.8,20,1-3 anos (est.),presença digital razoável,https://www.google.com/maps/search/?api=1&query=Kaisova%20Estofados&query_place_id=ChIJ7clxgKGh7JQR-2Vpo0QjRHs
85,Molufan Indústria e Comércio de Móveis e Estofados,Moveleiro,(43) 98806-4194,Sim,(43) 98806-4194,molufan@molufan.com.br,https://www.instagram.com/molufan.estofados,http://www.molufan.com.br/,Arapongas,Vila Triangulo,Paraná,4.6,18,1-3 anos (est.),presença digital razoável,https://www.google.com/maps/search/?api=1&query=Molufan%20Ind%C3%BAstria%20e%20Com%C3%A9rcio%20de%20M%C3%B3veis%20e%20Estofados&query_place_id=ChIJyXf3FvKj7JQRSpuIkpma810
86,Edson estofados,Tapeçaria,(43) 99989-9158,Sim,(43) 99989-9158,,,https://www.instagram.com/edsonlopesestofados?igsh=czgxdXIyZnNtcWZ1,Cambé,Cambé,Paraná,5,16,1-3 anos (est.),sem Instagram • sem e-mail público,https://www.google.com/maps/search/?api=1&query=Edson%20estofados&query_place_id=ChIJvVkGTHJb65QRSS1fX_6mmwI
87,Sarandi Colchões e Estofados,Loja de sofás,(44) 99865-7766,Sim,(44) 99865-7766,,https://www.instagram.com/colchaosarandi/,https://www.instagram.com/colchaosarandi/,Sarandi,Jardim Independencia,Paraná,5,15,1-3 anos (est.),sem e-mail público,https://www.google.com/maps/search/?api=1&query=Sarandi%20Colch%C3%B5es%20e%20Estofados&query_place_id=ChIJn-LpNHDb7JQRrCeqnWkmG5Q
88,Griffe Estofados,Loja de sofás,(44) 99830-3007,Sim,(44) 99830-3007,,https://www.instagram.com/griffe.estofados.maringa/,https://www.instagram.com/griffe.estofados.maringa/,Maringá,Jardim Licce,Paraná,4.2,15,1-3 anos (est.),sem e-mail público,https://www.google.com/maps/search/?api=1&query=Griffe%20Estofados&query_place_id=ChIJz-b3jUPX7JQRVjUILqEd4Sg
89,RM Móveis e Estofados,Loja,(44) 99831-3494,Sim,(44) 99831-3494,,,https://www.instagram.com/rm.moveis_estofados?igsh=aWZidjNoaDhtb2dv,Sarandi,Jardim Independencia,Paraná,4.5,13,~1 ano (est.),sem Instagram • sem e-mail público,https://www.google.com/maps/search/?api=1&query=RM%20M%C3%B3veis%20e%20Estofados&query_place_id=ChIJOYXuX6Da7JQRDTY3Um8Xjk0
90,"Sofá Estofados Rodrim sofá sob medida, poltrona, cadeiras cabeceiras, reformas e acessórios para moveis RODRIM ESTOFADOS",Tapeçaria,(44) 99959-3829,Sim,(44) 99959-3829,,,https://wa.me/message/H6XFWEMNH7LSH1,Sarandi,Nova aliança,Paraná,4.8,11,~1 ano (est.),sem Instagram • sem e-mail público,https://www.google.com/maps/search/?api=1&query=Sof%C3%A1%20Estofados%20Rodrim%20sof%C3%A1%20sob%20medida%2C%20poltrona%2C%20cadeiras%20cabeceiras%2C%20reformas%20e%20acess%C3%B3rios%20para%20moveis%20RODRIM%20ESTOFADOS&query_place_id=ChIJvc8OyKva7JQRiBYO3J4XjTg
91,Galassi Estofados,Tapeçaria,(43) 98461-7731,Sim,(43) 98461-7731,,,https://sites.google.com/view/galassiestofados/reforma-de-estofados,Ibiporã,Santa Paula,Paraná,4.5,8,~1 ano (est.),sem Instagram • sem e-mail público,https://www.google.com/maps/search/?api=1&query=Galassi%20Estofados&query_place_id=ChIJW7gRuIJB65QRLuEWUdnY5QY
92,Tapeçaria Elcio Estofados,Tapeçaria,(43) 99850-8970,Sim,(43) 99850-8970,,,https://www.instagram.com/elcio.estofados?igsh=bXQ0eDBlNWJwZTNw&utm_source=qr,Cornélio Procópio,Cornélio Procópio,Paraná,5,8,~1 ano (est.),sem Instagram • sem e-mail público,https://www.google.com/maps/search/?api=1&query=Tape%C3%A7aria%20Elcio%20Estofados&query_place_id=ChIJgyjt_Q_f6pQRlT-Cw7E-dHo
93,JF Tapeçaria automotiva,Tapeçaria,(44) 99710-8617,Sim,(44) 99710-8617,,,https://www.jftapecaria.store/,Maringá,Jardim monte rei,Paraná,5,7,~1 ano (est.),sem Instagram • sem e-mail público,https://www.google.com/maps/search/?api=1&query=JF%20Tape%C3%A7aria%20automotiva&query_place_id=ChIJF4G0RgDX7JQRFT7FW16-Rko
94,Tapeçaria Cerqueira João Tapeceiro,Tapeçaria,(43) 99983-5274,Sim,(43) 99983-5274,,,https://facebook.com/tapecaria.cerqueira,Cornélio Procópio,Jardim Panorama,Paraná,4.9,7,~1 ano (est.),sem Instagram • sem e-mail público,https://www.google.com/maps/search/?api=1&query=Tape%C3%A7aria%20Cerqueira%20Jo%C3%A3o%20Tapeceiro&query_place_id=ChIJTfZ5T4_f6pQRnEuRYQghZ_0
95,Tapeçaria Automotiva Km,Tapeçaria,(44) 99845-5729,Sim,(44) 99845-5729,,https://www.instagram.com/km_tapecaria/,https://www.instagram.com/km_tapecaria/,Maringá,Jardim Colina Verde,Paraná,4.8,6,~1 ano (est.),sem e-mail público,https://www.google.com/maps/search/?api=1&query=Tape%C3%A7aria%20Automotiva%20Km&query_place_id=ChIJIwDFKBHR7JQRF6I8XFXvEY4
96,Rk Tapeçaria Automotiva,Tapeçaria,(43) 98808-6401,Sim,(43) 98808-6401,,,https://instagram.com/rk_tapecaria_automotiva?igshid=YmMyMTA2M2Y=,Arapongas,São Raphael 5,Paraná,5,6,~1 ano (est.),sem Instagram • sem e-mail público,https://www.google.com/maps/search/?api=1&query=Rk%20Tape%C3%A7aria%20Automotiva&query_place_id=ChIJl6BoGLmh7JQR883QdAIAmOA
97,Estofados LM,Moveleiro,(43) 99964-8630,Sim,(43) 99964-8630,,https://www.instagram.com/estofados_lm_,https://www.instagram.com/estofados_lm_,Rolândia,Centro,Paraná,5,5,~1 ano (est.),sem e-mail público,https://www.google.com/maps/search/?api=1&query=Estofados%20LM&query_place_id=ChIJF4Vly3On7JQRRhCJK8ZJ2pw
98,TRS tapeçaria,Tapeçaria,(44) 99906-0598,Sim,(44) 99906-0598,,,http://wa.me/5544999060598,Sarandi,Jardim ouro verde,Paraná,5,3,~1 ano (est.),sem Instagram • sem e-mail público • poucas avaliações (3),https://www.google.com/maps/search/?api=1&query=TRS%20tape%C3%A7aria&query_place_id=ChIJO9Gk6Gbb7JQRzLNvCoMdUFg
99,Mv Estofados Arapongas,Moveleiro,(43) 99638-0707,Sim,(43) 99638-0707,,,http://mvestofados.commercesuite.com.br/,Arapongas,Vila Triangulo,Paraná,5,3,~1 ano (est.),sem Instagram • sem e-mail público • poucas avaliações (3),https://www.google.com/maps/search/?api=1&query=Mv%20Estofados%20Arapongas&query_place_id=ChIJGa96Nluh7JQRS1AZ4ovQqcQ
100,Estofados Estilo,Loja de móveis,(44) 99936-5585,Sim,(44) 99936-5585,,https://www.instagram.com/sofaestilo/,https://www.instagram.com/sofaestilo/,Sarandi,Jardim Panorama,Paraná,5,3,~1 ano (est.),sem e-mail público • poucas avaliações (3),https://www.google.com/maps/search/?api=1&query=Estofados%20Estilo&query_place_id=ChIJHSV7FgrQ7JQRpp3uQ2fnJaQ
101,Ecomóbile Higienização de Estofados,Serviço de limpeza de tapeçaria,(43) 99800-2556,Sim,(43) 99800-2556,,,https://ecomobile.ueniweb.com/,Jandaia do Sul,Jandaia do Sul,Paraná,5,2,indefinido,sem Instagram • sem e-mail público • poucas avaliações (2),https://www.google.com/maps/search/?api=1&query=Ecom%C3%B3bile%20Higieniza%C3%A7%C3%A3o%20de%20Estofados&query_place_id=ChIJFzgWgFGV7JQRLYjsY0IaTIo
102,Max Tapeçaria Automotiva,Estofamento automotivo,(44) 99852-6584,Sim,(44) 99852-6584,,,https://www.instagram.com/max_tapecaria.automotiva?igsh=MWN2cjdjZzg0em10aw==,Marialva,Jardim Hamada,Paraná,5,2,indefinido,sem Instagram • sem e-mail público • poucas avaliações (2),https://www.google.com/maps/search/?api=1&query=Max%20Tape%C3%A7aria%20Automotiva&query_place_id=ChIJYXNsQIPF7JQRGyZapYSvkE4
103,Marcos - Estofados e Tapeçaria,Loja de sofás,(44) 99818-0531,Sim,(44) 99818-0531,,,https://www.facebook.com/marcos.craveiro.948,Astorga,Astorga,Paraná,5,2,indefinido,sem Instagram • sem e-mail público • poucas avaliações (2),https://www.google.com/maps/search/?api=1&query=Marcos%20-%20Estofados%20e%20Tape%C3%A7aria&query_place_id=ChIJufAMs--17JQRd3C0TMpcdmU
104,LS PRIME MOVEIS E ESTOFADOS,Loja de móveis,(44) 99812-6728,Sim,(44) 99812-6728,,https://www.instagram.com/lsprimemoveiseestofadospr/,https://www.instagram.com/lsprimemoveiseestofadospr/,Sarandi,Jardim Panorama,Paraná,5,2,indefinido,sem e-mail público • poucas avaliações (2),https://www.google.com/maps/search/?api=1&query=LS%20PRIME%20MOVEIS%20E%20ESTOFADOS&query_place_id=ChIJ32NEsuTR7JQR2aDqZ6smS8I
105,Estofados Delta,Tapeçaria,(44) 99173-4459,Sim,(44) 99173-4459,,,https://estofadosdelta.netlify.app/,Sarandi,Novo Panorama,Paraná,5,1,indefinido,sem Instagram • sem e-mail público • poucas avaliações (1),https://www.google.com/maps/search/?api=1&query=Estofados%20Delta&query_place_id=ChIJvTJyP7Pa7JQRinr6GrNKVI8
106,Blue Estofados,Loja de sofás,(43) 99155-9206,Sim,(43) 99155-9206,,https://instagram.com/blueestofados,https://instagram.com/blueestofados,Arapongas,Vila Industrial,Paraná,5,1,indefinido,sem e-mail público • poucas avaliações (1),https://www.google.com/maps/search/?api=1&query=Blue%20Estofados&query_place_id=ChIJM5YaxNyh7JQRbJ1dBt11kxs
107,REAL DECOR,Tapeçaria,(43) 99697-1637,Sim,(43) 99697-1637,,https://www.instagram.com/mercadolivre,http://www.mercadolivre.com.br/,Arapongas,Casa Família Arapongas II,Paraná,5,1,indefinido,sem e-mail público • poucas avaliações (1),https://www.google.com/maps/search/?api=1&query=REAL%20DECOR&query_place_id=ChIJZ1G97O6j7JQR4SFpftuHhsU
108,M/M Estofados Higienização de Estofados,Serviço de limpeza de tapeçaria,(44) 98438-8380,Sim,(44) 98438-8380,,,https://m-m-estofados-higienizacao-de-estofados.ueniweb.com/?utm_campaign=gmb,Marialva,Centro,PR,,0,indefinido,sem Instagram • sem e-mail público • poucas avaliações (0),https://www.google.com/maps/search/?api=1&query=M%2FM%20Estofados%20Higieniza%C3%A7%C3%A3o%20de%20Estofados&query_place_id=ChIJ0TMt03LF7JQRYK8U1D1VkQQ
109,Porto Estofados,Fabricante,(43) 98867-8070,Sim,(43) 98867-8070,,,http://www.portoestofados.com.br/,Arapongas,Jardim Petrópolis,Paraná,,0,indefinido,sem Instagram • sem e-mail público • poucas avaliações (0),https://www.google.com/maps/search/?api=1&query=Porto%20Estofados&query_place_id=ChIJn9aq7SKj7JQRenmaO3VvjKM
110,Tapeçaria Nacional,Estofamento automotivo,(44) 3228-2100,Não,,,,,Maringá,Jardim Alvorada,Paraná,4.6,76,3+ anos (est.),SEM SITE • sem Instagram • sem e-mail público • estabelecida (76 aval.),https://www.google.com/maps/search/?api=1&query=Tape%C3%A7aria%20Nacional&query_place_id=ChIJ9dvjoh7R7JQRO_09woQ6oYc
111,Tapeçaria e Auto Vidros São José - Linha Pesada,Tapeçaria,(43) 3154-5141,Não,,,,,Cambé,Parque Industrial José Garcia Gimenes,PR,4.8,40,1-3 anos (est.),SEM SITE • sem Instagram • sem e-mail público • estabelecida (40 aval.),https://www.google.com/maps/search/?api=1&query=Tape%C3%A7aria%20e%20Auto%20Vidros%20S%C3%A3o%20Jos%C3%A9%20-%20Linha%20Pesada&query_place_id=ChIJ90wYLStb65QRTB6NwoTybMA
112,Jandaia Estofados,Loja de artigos domésticos,(43) 3432-2318,Não,,,,,Jandaia do Sul,Pq Ind,Paraná,4.3,39,1-3 anos (est.),SEM SITE • sem Instagram • sem e-mail público • estabelecida (39 aval.),https://www.google.com/maps/search/?api=1&query=Jandaia%20Estofados&query_place_id=ChIJ7V3sevuU7JQRoxOfzruCi-U
113,Quality Estofados,Loja de móveis,(44) 3040-4130,Não,,,,,Maringá,Jardim America,Paraná,4.7,25,1-3 anos (est.),SEM SITE • sem Instagram • sem e-mail público,https://www.google.com/maps/search/?api=1&query=Quality%20Estofados&query_place_id=ChIJF2uIVIHR7JQRYvHqvwIrFlM
114,Jeise Estofados,Loja,(43) 3154-4017,Não,,,,,Cambé,Jardim Alvorada,Paraná,4.7,22,1-3 anos (est.),SEM SITE • sem Instagram • sem e-mail público,https://www.google.com/maps/search/?api=1&query=Jeise%20Estofados&query_place_id=ChIJf64vTo9Z65QRR1BfxBehfjw
115,Vi Vace Estofados,Tapeçaria,(43) 3274-7034,Não,,,,,Arapongas,Jardim Petrópolis,Paraná,4.8,19,1-3 anos (est.),SEM SITE • sem Instagram • sem e-mail público,https://www.google.com/maps/search/?api=1&query=Vi%20Vace%20Estofados&query_place_id=ChIJ99afr2uk7JQR7Kq6ktzouR0
116,Konfortlândia Colchões e Estofados,Loja de colchões,(43) 3313-6651,Não,,,,,Rolândia,Centro,Paraná,5,18,1-3 anos (est.),SEM SITE • sem Instagram • sem e-mail público,https://www.google.com/maps/search/?api=1&query=Konfortl%C3%A2ndia%20Colch%C3%B5es%20e%20Estofados&query_place_id=ChIJY00Wvyyn7JQRN0KzuOfqcLI
117,Bilhart Tapeçaria e Decorações,Tapeçaria,(43) 3276-4561,Não,,,,,Arapongas,Vila Edio,Paraná,5,18,1-3 anos (est.),SEM SITE • sem Instagram • sem e-mail público,https://www.google.com/maps/search/?api=1&query=Bilhart%20Tape%C3%A7aria%20e%20Decora%C3%A7%C3%B5es&query_place_id=ChIJ_flH7WCh7JQRFVmAeo-5opE
118,Sossani Estofados,Tapeçaria,(43) 3252-7676,Não,,,,,Arapongas,Vila Sampaio,Paraná,4,18,1-3 anos (est.),SEM SITE • sem Instagram • sem e-mail público,https://www.google.com/maps/search/?api=1&query=Sossani%20Estofados&query_place_id=ChIJHWnU_2Oh7JQRcnZ24byr4xo
119,Estofados Pontal,Tapeçaria,(44) 3265-6226,Não,,,,,Maringá,Conjunto Residencial Ney Braga,Paraná,5,16,1-3 anos (est.),SEM SITE • sem Instagram • sem e-mail público,https://www.google.com/maps/search/?api=1&query=Estofados%20Pontal&query_place_id=ChIJWS4DzOfX7JQRN-Li5VANBsw
120,Pirapó Estofados,Tapeçaria,(43) 3423-4622,Não,,,,,Apucarana,Vila Sao Francisco,Paraná,4.2,13,~1 ano (est.),SEM SITE • sem Instagram • sem e-mail público,https://www.google.com/maps/search/?api=1&query=Pirap%C3%B3%20Estofados&query_place_id=ChIJY25Hu_2Z7JQR_cqvsLbZpA4
121,Tapeçaria Cláudio,Tapeçaria,(44) 3224-6168,Não,,,,,Maringá,Zona 06,Paraná,5,13,~1 ano (est.),SEM SITE • sem Instagram • sem e-mail público,https://www.google.com/maps/search/?api=1&query=Tape%C3%A7aria%20Cl%C3%A1udio&query_place_id=ChIJQ-RncMHX7JQR8f8tprF15TM
122,Tapeçaria e Estofados Globo,Tapeçaria,(44) 3224-6526,Não,,,,,Maringá,Zona 06,Paraná,4.6,12,~1 ano (est.),SEM SITE • sem Instagram • sem e-mail público,https://www.google.com/maps/search/?api=1&query=Tape%C3%A7aria%20e%20Estofados%20Globo&query_place_id=ChIJW1PBhh3X7JQRfyH5jZdYfbE
123,Estofados Silva,Tapeçaria,(44) 3232-6690,Não,,,,,Marialva,Jardim Custodio,Paraná,4.8,11,~1 ano (est.),SEM SITE • sem Instagram • sem e-mail público,https://www.google.com/maps/search/?api=1&query=Estofados%20Silva&query_place_id=ChIJESzBA3rE7JQR7D5iBWZysQA
124,Tapeçaria Souza,Loja de artigos para reforma,(43) 3523-4926,Não,,,,,Cornélio Procópio,Cornélio Procópio,Paraná,4.5,11,~1 ano (est.),SEM SITE • sem Instagram • sem e-mail público,https://www.google.com/maps/search/?api=1&query=Tape%C3%A7aria%20Souza&query_place_id=ChIJj3N-lkDf6pQRPiuPTuZ3chs
125,Estofados Martines,Tapeçaria,(43) 3252-9499,Não,,,,,Arapongas,Parque Industrial IV,Paraná,3.7,9,~1 ano (est.),SEM SITE • sem Instagram • sem e-mail público,https://www.google.com/maps/search/?api=1&query=Estofados%20Martines&query_place_id=ChIJs4RSTd-j7JQRbcBMEnkrPIc
126,Tapeçaria Art Car Reforma Em Geral,Mecânica para carros,(43) 3156-1055,Não,,,,,Rolândia,Centro,Paraná,3,6,~1 ano (est.),SEM SITE • sem Instagram • sem e-mail público,https://www.google.com/maps/search/?api=1&query=Tape%C3%A7aria%20Art%20Car%20Reforma%20Em%20Geral&query_place_id=ChIJgxD-grin7JQRB4Mes6-RRNk
127,D A Reforma de Estofados em Geral,Tapeçaria,(43) 3020-8482,Não,,,,,Cambé,Jardim Alvorada,Paraná,3.2,5,~1 ano (est.),SEM SITE • sem Instagram • sem e-mail público,https://www.google.com/maps/search/?api=1&query=D%20A%20Reforma%20de%20Estofados%20em%20Geral&query_place_id=ChIJq_DYyIxZ65QR1GdnWYsoypE
128,Tapeçaria Esperança,Loja de artigos domésticos,(44) 3234-6987,Não,,,,,Astorga,Astorga,Paraná,4,4,~1 ano (est.),SEM SITE • sem Instagram • sem e-mail público • poucas avaliações (4),https://www.google.com/maps/search/?api=1&query=Tape%C3%A7aria%20Esperan%C3%A7a&query_place_id=ChIJL1NG5xW17JQRnbCsWoaKlLs
129,Tapecaria Em Geral,Tapeçaria,(44) 3259-5825,Não,,,,,Maringá,Parque Industrial,Paraná,4.3,3,~1 ano (est.),SEM SITE • sem Instagram • sem e-mail público • poucas avaliações (3),https://www.google.com/maps/search/?api=1&query=Tapecaria%20Em%20Geral&query_place_id=ChIJd4HJHF7X7JQR9t7sIcDp2oU
130,Tapeçaria Graciosa,Tapeçaria,(43) 3347-4502,Não,,,,,Cambé,Jardim Santo Amaro,Paraná,3.5,2,indefinido,SEM SITE • sem Instagram • sem e-mail público • poucas avaliações (2),https://www.google.com/maps/search/?api=1&query=Tape%C3%A7aria%20Graciosa&query_place_id=ChIJBzmT9BNb65QRzJ9zGrAf71U
131,Estofados Becker,Loja de artigos domésticos,(43) 3523-7972,Não,,,,,Cornélio Procópio,Cornélio Procópio,Paraná,5,2,indefinido,SEM SITE • sem Instagram • sem e-mail público • poucas avaliações (2),https://www.google.com/maps/search/?api=1&query=Estofados%20Becker&query_place_id=ChIJuT5QoK3Y6pQRUyO-i3xGjn8
132,Diniz,Tapeçaria,(43) 3425-6798,Não,,,,,Apucarana,Vila Santa Rosa,Paraná,5,1,indefinido,SEM SITE • sem Instagram • sem e-mail público • poucas avaliações (1),https://www.google.com/maps/search/?api=1&query=Diniz&query_place_id=ChIJRTkEvOGb7JQR4Q9J3gkzz44
133,Tapeçaria França Autos e Sofás em Geral,Tapeçaria,(43) 3033-2576,Não,,,,,Apucarana,Jardim Apucarana,Paraná,2,1,indefinido,SEM SITE • sem Instagram • sem e-mail público • poucas avaliações (1),https://www.google.com/maps/search/?api=1&query=Tape%C3%A7aria%20Fran%C3%A7a%20Autos%20e%20Sof%C3%A1s%20em%20Geral&query_place_id=ChIJ66Y-tV2Z7JQRF4Jh1AK7sA4
134,Couto Estofados,Fabricante,(43) 3424-7125,Não,,,,,Apucarana,Jardim Independencia,Paraná,5,1,indefinido,SEM SITE • sem Instagram • sem e-mail público • poucas avaliações (1),https://www.google.com/maps/search/?api=1&query=Couto%20Estofados&query_place_id=ChIJCSg0yPub7JQR8kpSOCY0f8s
135,Moderna Estofados,Loja de sofás,(42) 3742-0756,Não,,,,,Sarandi,Conjunto Floresta,Paraná,5,1,indefinido,SEM SITE • sem Instagram • sem e-mail público • poucas avaliações (1),https://www.google.com/maps/search/?api=1&query=Moderna%20Estofados&query_place_id=ChIJXxrAb-7b7JQRo4hX6gru3Hw
136,Tapeçaria Ruthes,Tapeçaria,(43) 3423-7411,Não,,,,,Apucarana,Jardim Apucarana,Paraná,,0,indefinido,SEM SITE • sem Instagram • sem e-mail público • poucas avaliações (0),https://www.google.com/maps/search/?api=1&query=Tape%C3%A7aria%20Ruthes&query_place_id=ChIJ41FVK1mZ7JQR7v5pmgaRevU
137,Roma Estofados - Reforma e fabricação de estofados - Maringá/PR,Tapeçaria,(44) 3040-5698,Não,,,,https://instagram.com/roma.estofados?r=nametag,Maringá,Jardim Alvorada,Paraná,5,203,3+ anos (est.),sem Instagram • sem e-mail público • estabelecida (203 aval.),https://www.google.com/maps/search/?api=1&query=Roma%20Estofados%20-%20Reforma%20e%20fabrica%C3%A7%C3%A3o%20de%20estofados%20-%20Maring%C3%A1%2FPR&query_place_id=ChIJE0wDMTzR7JQRKgP6JN5ejWo
138,Tapeçaria Brasil,Tapeçaria,(44) 3263-4476,Não,,,,https://mechamenozap.com.br/tapecariabrasil/,Maringá,Zona 07,Paraná,4.2,184,3+ anos (est.),sem Instagram • sem e-mail público • estabelecida (184 aval.),https://www.google.com/maps/search/?api=1&query=Tape%C3%A7aria%20Brasil&query_place_id=ChIJmXRuaCvR7JQRP-mUoxJaeh8
139,Temda Estofados,Moveleiro,(43) 3440-1001,Não,,,,http://www.temdaestofados.com.br/,Apucarana,Pirapó,Paraná,4.6,158,3+ anos (est.),sem Instagram • sem e-mail público • estabelecida (158 aval.),https://www.google.com/maps/search/?api=1&query=Temda%20Estofados&query_place_id=ChIJnRenXXKX7JQRgFCc_h2_iz0
140,Tapeçaria e Auto Vidros São José - Linha Leve,Tapeçaria,(43) 3254-5141,Não,,,https://www.instagram.com/saojose_tapecaria,https://silvdesing.wixsite.com/saojose,Cambé,Centro,Paraná,4.6,135,3+ anos (est.),sem e-mail público • estabelecida (135 aval.),https://www.google.com/maps/search/?api=1&query=Tape%C3%A7aria%20e%20Auto%20Vidros%20S%C3%A3o%20Jos%C3%A9%20-%20Linha%20Leve&query_place_id=ChIJOa-twudZ65QRCKw7aIJfe60
141,Gralha Azul Estofados,Loja de móveis,(43) 3303-3300,Não,,contato@gralha-azul.ind.br,https://www.instagram.com/gralhaazulestofados,http://www.gralha-azul.ind.br/,Arapongas,Parque Industrial,Paraná,4.3,117,3+ anos (est.),estabelecida (117 aval.),https://www.google.com/maps/search/?api=1&query=Gralha%20Azul%20Estofados&query_place_id=ChIJqTq-1Fah7JQRJDXzC0GsHT0
142,Tapeçaria e Auto Vidros Begnini,Tapeçaria,(43) 3254-5139,Não,,tapbegnini@gmail.com,https://www.instagram.com/tapecaria_begnini,https://begniniautovidros.com.br/,Cambé,Centro,Paraná,4.3,110,3+ anos (est.),estabelecida (110 aval.),https://www.google.com/maps/search/?api=1&query=Tape%C3%A7aria%20e%20Auto%20Vidros%20Begnini&query_place_id=ChIJIzQHp-hZ65QRlSaRmE6qftM
143,Essencial Estofados & Decorações,Loja de móveis,(44) 3029-3756,Não,,contato@essencialestofadosmaringa.com.br,https://www.instagram.com/essencialestofados,http://www.essencialmaringa.com.br/,Maringá,Parque das Laranjeiras,Paraná,4.5,63,3+ anos (est.),estabelecida (63 aval.),https://www.google.com/maps/search/?api=1&query=Essencial%20Estofados%20%26%20Decora%C3%A7%C3%B5es&query_place_id=ChIJ76YOPr3W7JQRp0E4kUS0M0w
144,Tapeçaria Iguaçu,Tapeçaria,(43) 3254-8691,Não,,,https://www.instagram.com/tapecariaiguacu/,https://www.instagram.com/tapecariaiguacu/,Cambé,Jardim Santo Amaro,Paraná,5,60,3+ anos (est.),sem e-mail público • estabelecida (60 aval.),https://www.google.com/maps/search/?api=1&query=Tape%C3%A7aria%20Igua%C3%A7u&query_place_id=ChIJk2tNjzVa65QR-pvjkPbRwrY
145,Tapeçaria Diniz,Tapeçaria,(44) 3029-2577,Não,,,,https://www.tapecariadiniz.com.br/,Maringá,Jardim Alvorada,Paraná,4.5,57,3+ anos (est.),sem Instagram • sem e-mail público • estabelecida (57 aval.),https://www.google.com/maps/search/?api=1&query=Tape%C3%A7aria%20Diniz&query_place_id=ChIJa_gxsC7R7JQR1MMkaDwjis8
146,Tapeçaria Rio Claro,Estofamento automotivo,(43) 3258-4201,Não,,tapecariarioclaro@hotmail.com,https://www.instagram.com/jornaldacidade.net.br,https://tapecariarioclaroibipora.wordpress.com/,Ibiporã,Santa Paula,Paraná,4.6,56,3+ anos (est.),estabelecida (56 aval.),https://www.google.com/maps/search/?api=1&query=Tape%C3%A7aria%20Rio%20Claro&query_place_id=ChIJI9numcpG65QRjs5AoeEL1rA
147,Tapeçaria Fernandes,Tapeçaria,(44) 3263-4541,Não,,,https://www.instagram.com/tapecaria_fernandes_mga,https://www.instagram.com/tapecaria_fernandes_mga,Maringá,Zona 07,Paraná,4.6,53,3+ anos (est.),sem e-mail público • estabelecida (53 aval.),https://www.google.com/maps/search/?api=1&query=Tape%C3%A7aria%20Fernandes&query_place_id=ChIJcyWMYQbQ7JQRW0ZsY5UQkEc
148,Tapeçaria Automotiva - Carros Antigos - Carros Classicos - Restauração - Costura Eletronica,Tapeçaria,(43) 3251-3884,Não,,contato@tapecariaautomotiva.com,https://www.instagram.com/automotiva_tapecaria,https://tapecariaautomotiva.com/,Cambé,Centro,Paraná,4.7,48,1-3 anos (est.),estabelecida (48 aval.),https://www.google.com/maps/search/?api=1&query=Tape%C3%A7aria%20Automotiva%20-%20Carros%20Antigos%20-%20Carros%20Classicos%20-%20Restaura%C3%A7%C3%A3o%20-%20Costura%20Eletronica&query_place_id=ChIJm_L40VxZ65QRRTIVEGITudk
149,Tapeçaria Maracanã,Tapeçaria,(43) 3055-3470,Não,,,,http://www.tapecariamaracana.com.br/,Arapongas,Vila Industrial,Paraná,4.8,48,1-3 anos (est.),sem Instagram • sem e-mail público • estabelecida (48 aval.),https://www.google.com/maps/search/?api=1&query=Tape%C3%A7aria%20Maracan%C3%A3&query_place_id=ChIJlROUW3uh7JQR-fy4O8qHo-4
150,Só Sofa - Estofados Direto de Fábrica,Loja de sofás,(43) 3275-1459,Não,,,,https://www.sosofa.com.br/,Arapongas,Vila Industrial,Paraná,4.4,22,1-3 anos (est.),sem Instagram • sem e-mail público,https://www.google.com/maps/search/?api=1&query=S%C3%B3%20Sofa%20-%20Estofados%20Direto%20de%20F%C3%A1brica&query_place_id=ChIJOesVZIOh7JQRebIvnhwK644
151,Fratello Estofados,Tapeçaria,(43) 3152-3031,Não,,contato@fratellopoltronas.com.br,,http://www.fratellopoltronas.com.br/,Arapongas,Parque Industrial,Paraná,4.5,12,~1 ano (est.),sem Instagram,https://www.google.com/maps/search/?api=1&query=Fratello%20Estofados&query_place_id=ChIJdakBYFKh7JQRxrjZvL9tVbw
152,Bancouros fabrica,Tapeçaria,(43) 3367-4017,Não,,,https://www.instagram.com/bancouros,http://www.bancourosbrasil.com.br/,Cambé,Jardim Taroba,Paraná,5,11,~1 ano (est.),sem e-mail público,https://www.google.com/maps/search/?api=1&query=Bancouros%20fabrica&query_place_id=ChIJyWTsJqVZ65QRch08F5VJFqA
153,Samec Indústria de Estofados,Fabricante de móveis,(44) 3264-1433,Não,,,https://www.instagram.com/samecestofados,http://www.samecmoveis.com.br/,Sarandi,Parque Industrial,Paraná,3.7,9,~1 ano (est.),sem e-mail público,https://www.google.com/maps/search/?api=1&query=Samec%20Ind%C3%BAstria%20de%20Estofados&query_place_id=ChIJZTvKScra7JQRTilTXEwVzxU
154,Bella Arte Estofados,Tapeçaria,(43) 3256-6490,Não,,,,https://bellaarteestofados.com.br/,Rolândia,Centro,Paraná,4.7,7,~1 ano (est.),sem Instagram • sem e-mail público,https://www.google.com/maps/search/?api=1&query=Bella%20Arte%20Estofados&query_place_id=ChIJCW9dX7in7JQR0IeS8EZ-oUU
155,VR Estofados,Loja de móveis,(44) 3042-2553,Não,,,,https://is.gd/VREstofadosWhatsapp,Sarandi,Jardim Independencia,Paraná,4.9,7,~1 ano (est.),sem Instagram • sem e-mail público,https://www.google.com/maps/search/?api=1&query=VR%20Estofados&query_place_id=ChIJkw6-B3TQ7JQRPxkdPERJUEg
156,Apolo Estofados,Moveleiro,(43) 3152-7115,Não,,,https://www.instagram.com/apoloestofados,https://apoloestofados.com.br/,Arapongas,Parque Industrial II,PR,5,5,~1 ano (est.),sem e-mail público,https://www.google.com/maps/search/?api=1&query=Apolo%20Estofados&query_place_id=ChIJW7AfXFWh7JQRz50N3B81BuI
157,Mallu Estofados Click Home,Fabricante,(43) 3252-0633,Não,,,https://www.instagram.com/lojaclickhome,https://www.clickhomeoficial.com.br/,Arapongas,Centro,Paraná,5,4,~1 ano (est.),sem e-mail público • poucas avaliações (4),https://www.google.com/maps/search/?api=1&query=Mallu%20Estofados%20Click%20Home&query_place_id=ChIJqyQnvNKn7JQRIz-mSNtqk7E
158,Tapeçaria Do Wanderley,Loja de móveis,(43) 3256-3911,Não,,,,https://www.facebook.com/tapecariadowanderley?mibextid=ZbWKwL,Rolândia,Jardim Maracana,Paraná,5,1,indefinido,sem Instagram • sem e-mail público • poucas avaliações (1),https://www.google.com/maps/search/?api=1&query=Tape%C3%A7aria%20Do%20Wanderley&query_place_id=ChIJ24HBq82n7JQRH_WYiERcFLs
159,Sonhar Estofados,Moveleiro,(43) 3152-9902,Não,,,,https://www.sonharestofados.com.br/,Arapongas,Jardim Aeroporto,Paraná,5,1,indefinido,sem Instagram • sem e-mail público • poucas avaliações (1),https://www.google.com/maps/search/?api=1&query=Sonhar%20Estofados&query_place_id=ChIJpXSgXICl7JQRDKU6meaAG7c
